{"cameraMode":{"drawMode":0,"name":"Shaded","section":"Shading Mode"},"sceneLighting":true,"audioPlay":false,"sceneViewState":{"showFog":true,"showMaterialUpdate":false,"showSkybox":true,"showFlares":true,"showImageEffects":true,"showParticleSystems":true},"in2DMode":false,"pivot":{"x":-278.38104248046877,"y":47.295902252197269,"z":-665.933349609375},"rotation":{"x":0.03294707462191582,"y":-0.40229472517967226,"z":0.014488406479358673,"w":0.9148024916648865},"size":2.4131510257720949,"orthographic":true}