{"cameraMode":{"drawMode":0,"name":"Shaded","section":"Shading Mode"},"sceneLighting":true,"audioPlay":false,"sceneViewState":{"showFog":true,"showMaterialUpdate":false,"showSkybox":true,"showFlares":true,"showImageEffects":true,"showParticleSystems":true},"in2DMode":false,"pivot":{"x":-121.81819152832031,"y":12.225143432617188,"z":44.04951858520508},"rotation":{"x":-0.022475464269518853,"y":0.882489025592804,"z":-0.0423920638859272,"w":-0.46787911653518679},"size":6.215931415557861,"orthographic":false}