{"cameraMode":{"drawMode":0,"name":"Shaded","section":"Shading Mode"},"sceneLighting":true,"audioPlay":false,"sceneViewState":{"showFog":true,"showMaterialUpdate":false,"showSkybox":true,"showFlares":true,"showImageEffects":true,"showParticleSystems":true},"in2DMode":false,"pivot":{"x":-259.73541259765627,"y":60.06278991699219,"z":-670.4558715820313},"rotation":{"x":-0.06673786044120789,"y":-0.05743200704455376,"z":0.003848340595141053,"w":-0.9961088299751282},"size":72.1629867553711,"orthographic":false}